,Genome,Lineage,Genus,Species,AA0,AA1,AA10,AA11,AA12,AA13,AA14,AA16,AA17,AA2,AA3,AA4,AA5,AA6,AA7,AA8,AA9,CBM1,CBM13,CBM18,CBM19,CBM20,CBM21,CBM24,CBM32,CBM35,CBM38,CBM42,CBM43,CBM46,CBM48,CBM5,CBM50,CBM52,CBM6,CBM63,CBM66,CBM67,CBM9,CE0,CE1,CE11,CE12,CE15,CE16,CE2,CE3,CE4,CE5,CE8,CE9,GH0,GH1,GH10,GH105,GH106,GH108,GH11,GH114,GH115,GH12,GH123,GH125,GH127,GH128,GH13,GH131,GH132,GH133,GH134,GH135,GH139,GH141,GH142,GH145,GH146,GH15,GH152,GH154,GH16,GH162,GH17,GH18,GH19,GH2,GH20,GH23,GH24,GH25,GH26,GH27,GH28,GH29,GH3,GH30,GH31,GH32,GH33,GH35,GH36,GH37,GH38,GH39,GH4,GH42,GH43,GH45,GH47,GH49,GH5,GH51,GH53,GH54,GH55,GH6,GH62,GH63,GH64,GH65,GH67,GH7,GH71,GH72,GH74,GH75,GH76,GH78,GH79,GH8,GH81,GH84,GH85,GH88,GH89,GH9,GH92,GH93,GH94,GH95,GT0,GT1,GT105,GT109,GT15,GT17,GT2,GT20,GT21,GT22,GT24,GT25,GT3,GT30,GT31,GT32,GT33,GT34,GT35,GT39,GT4,GT41,GT48,GT5,GT50,GT54,GT55,GT57,GT58,GT59,GT60,GT61,GT62,GT64,GT66,GT69,GT7,GT71,GT74,GT76,GT8,GT90,PL1,PL11,PL14,PL20,PL26,PL27,PL3,PL35,PL4,PL42,PL7,PL8,PL9
0,GCF_000149755.1,Oomycete,Phytophthora,sojae,0,3,0,0,0,0,0,0,0,0,9,0,0,8,0,0,0,4,5,0,0,0,0,0,0,0,0,1,4,0,0,2,0,0,0,0,0,0,0,0,0,1,0,0,0,0,0,1,14,20,0,1,15,5,0,0,0,0,0,0,11,1,0,0,0,1,0,0,0,0,0,0,0,0,0,0,0,0,0,21,0,11,1,2,1,0,0,0,0,0,0,25,0,23,16,7,2,0,1,0,2,1,0,0,0,5,0,5,0,25,0,2,2,0,3,0,1,0,0,0,7,0,14,0,0,0,5,0,0,16,0,1,0,2,0,0,0,0,0,0,7,1,0,0,0,6,9,0,3,1,0,0,0,4,0,1,0,0,0,5,1,7,0,1,0,0,2,1,1,1,0,4,0,1,0,1,33,0,0,0,0,22,0,0,0,0,0,36,0,2,0,0,0,0
1,GCA_002234985.1,Fungi,Aspergillus,fumigatus,0,5,0,2,0,1,1,1,0,0,13,1,1,1,1,2,8,17,0,8,1,4,1,1,1,3,1,1,4,1,2,0,0,0,0,1,0,2,0,2,2,0,2,1,3,0,1,3,5,4,1,2,5,4,3,1,0,3,1,1,3,0,1,1,2,16,2,2,1,1,5,0,0,0,0,0,5,0,2,12,1,5,15,0,6,2,0,0,2,0,4,11,0,18,1,6,4,1,5,3,1,1,1,0,0,18,0,5,0,13,2,1,1,6,1,2,1,0,1,1,4,4,7,1,3,7,6,0,0,1,0,0,2,1,0,4,3,0,2,0,5,0,0,3,0,15,7,1,4,1,2,1,0,5,5,1,2,1,3,5,1,1,3,1,0,0,2,1,1,0,0,3,0,1,3,0,3,0,2,4,5,6,0,0,1,1,0,3,0,3,0,0,0,1
2,GCA_900044135.1,Fungi,Fusarium,graminearum,1,14,0,4,2,1,1,1,0,1,21,1,5,1,6,4,13,13,2,15,0,2,2,0,3,3,0,1,1,0,3,0,10,0,1,3,0,3,0,1,4,0,3,0,4,1,5,7,13,3,1,3,3,5,3,1,0,3,2,2,4,0,3,1,4,8,1,2,1,0,0,1,1,1,2,1,3,1,2,23,1,6,19,0,10,3,0,0,0,0,2,6,1,21,0,8,5,1,3,3,2,1,2,0,0,18,1,10,0,14,2,1,1,3,1,2,1,2,0,1,2,0,3,1,1,8,7,1,0,1,0,0,1,0,0,0,2,0,2,4,17,0,2,4,1,19,3,1,4,1,0,1,0,5,5,1,2,1,3,5,1,1,0,1,1,0,2,1,1,0,0,3,2,1,2,0,4,0,1,6,6,9,0,0,1,1,0,7,0,3,1,0,0,1
3,GCA_900080155.1,Fungi,Ustilago,bromivora,0,5,1,0,0,0,0,0,0,0,8,1,2,1,2,0,0,0,0,1,0,0,1,0,0,1,0,0,1,0,2,0,0,0,0,0,0,0,0,0,1,0,0,0,0,0,0,5,2,1,1,4,0,2,1,0,0,1,0,1,0,0,0,0,5,5,0,0,1,0,1,0,0,0,0,0,1,0,0,14,0,2,2,0,2,2,1,0,1,1,1,1,0,4,2,3,3,0,1,1,2,1,0,0,1,3,4,3,0,10,3,0,1,1,0,1,1,0,0,0,0,0,1,0,0,0,0,1,1,0,0,1,0,0,1,3,1,0,0,0,5,0,0,1,1,15,3,1,4,1,0,1,0,3,2,1,0,0,3,4,1,1,0,1,0,0,2,1,1,0,0,0,0,1,2,0,2,0,1,2,1,1,0,1,0,0,0,0,1,0,0,0,0,0
4,GCA_003615215.1,Fungi,Fusarium,proliferatum,0,14,0,4,3,1,1,1,0,1,29,4,5,2,4,4,14,13,1,11,0,2,1,1,3,4,1,1,1,0,2,0,0,0,1,3,0,6,0,0,6,0,4,0,5,1,7,8,11,3,1,3,6,5,4,1,1,3,3,2,5,0,3,1,4,14,1,2,1,1,0,1,1,1,2,1,3,1,3,25,1,6,17,0,10,4,1,2,0,0,4,12,3,25,2,8,8,1,3,4,2,1,4,0,0,27,1,10,2,19,2,1,1,3,1,1,1,3,1,2,3,2,3,1,2,9,11,2,0,3,0,0,3,0,0,0,3,0,1,3,11,0,0,5,2,21,3,1,4,1,0,1,0,5,6,1,3,1,3,5,2,1,0,1,1,0,2,1,1,0,0,3,2,1,3,0,3,0,1,7,5,12,1,0,0,1,0,9,0,3,0,0,0,2
5,GCF_000002855.3,Fungi,Aspergillus,niger,0,16,0,3,0,0,0,1,0,0,32,1,0,1,5,1,7,7,0,6,0,1,1,2,0,1,0,1,4,0,2,0,1,0,0,1,0,2,0,3,2,0,2,0,1,0,0,4,5,3,1,3,3,1,2,2,0,4,2,0,4,0,1,0,2,19,1,2,1,0,3,0,0,1,0,0,2,0,0,13,0,5,9,0,6,3,0,0,0,1,5,20,1,17,1,7,5,1,5,2,1,1,0,0,0,10,0,5,0,10,3,2,1,3,2,1,1,0,1,1,2,7,7,1,2,10,7,3,0,1,0,0,1,0,0,5,0,0,2,0,10,0,1,3,0,16,6,1,3,1,5,1,0,6,10,1,3,1,3,5,1,1,5,1,0,0,2,1,1,0,0,3,0,1,6,0,4,0,2,4,3,6,0,0,0,0,1,0,0,2,0,0,0,0
6,GCA_900074905.1,Fungi,Rhynchosporium,agropyri,0,12,0,3,3,0,0,2,0,2,23,1,4,1,2,2,11,16,2,9,0,1,1,0,0,2,1,0,2,0,2,0,0,0,3,2,0,4,0,2,4,0,2,0,1,0,2,1,10,4,2,2,1,5,2,1,0,3,3,4,3,0,3,0,1,8,3,2,1,0,2,1,0,0,0,1,2,1,1,15,0,7,16,0,2,2,0,0,0,0,6,3,1,19,3,7,4,0,4,1,1,2,1,0,0,14,1,7,0,13,3,1,0,3,3,2,1,2,1,2,6,1,7,1,1,10,7,1,0,1,0,0,0,1,0,2,7,0,0,4,11,0,0,4,0,14,3,1,4,1,0,1,0,0,4,1,2,1,3,5,1,1,0,1,0,0,2,1,1,0,0,3,0,1,1,0,1,0,1,4,4,2,0,0,1,1,0,2,0,3,0,0,0,0
7,GCA_900029915.1,Fungi,Fusarium,proliferatum,0,14,0,4,3,1,1,1,0,1,29,4,5,2,4,4,15,13,0,13,0,2,1,1,3,4,1,1,1,0,2,0,0,0,1,3,0,7,0,1,6,0,4,0,5,1,10,9,12,3,1,3,5,3,4,1,0,3,3,2,4,0,3,2,4,14,1,2,1,1,0,1,1,1,2,1,3,1,3,24,1,6,18,0,10,4,0,1,0,0,4,10,2,25,2,8,7,1,3,4,2,1,3,0,0,26,1,10,2,19,2,1,1,3,1,1,1,2,1,2,3,2,3,1,2,9,11,2,0,3,0,0,3,0,0,0,3,0,1,3,10,0,0,5,2,20,3,1,4,1,0,1,0,5,5,1,3,1,3,5,1,1,0,1,1,0,2,1,1,0,0,3,2,1,3,0,3,0,1,7,6,12,0,0,0,1,0,6,0,3,0,0,0,2
8,GCA_000988865.1,Fungi,Trichoderma,harzianum,1,8,0,3,1,0,1,0,0,0,19,0,1,1,1,0,3,24,1,10,0,1,1,3,0,0,1,2,2,0,2,0,0,0,0,0,1,0,0,0,4,0,0,1,2,0,4,1,6,1,1,5,4,2,1,0,0,4,1,1,3,0,2,1,4,8,0,2,1,0,0,0,0,1,0,0,2,1,2,14,0,4,25,0,12,3,0,0,1,1,4,3,0,16,6,5,2,0,1,2,2,1,2,1,0,5,3,8,1,11,0,0,2,9,1,2,1,3,1,2,2,6,5,1,5,9,2,2,0,2,0,0,2,2,0,7,1,0,5,1,7,0,0,3,1,13,4,1,4,0,1,1,0,8,7,1,2,1,3,5,1,1,0,1,0,0,2,1,1,0,0,3,2,1,4,0,1,0,1,4,6,0,0,0,2,0,0,0,0,0,0,2,1,0
9,GCA_012656115.1,Fungi,Aspergillus,fumigatus,0,5,0,2,0,1,1,1,0,0,12,1,1,1,1,2,8,18,0,8,1,4,1,2,1,3,1,1,4,1,2,0,0,0,0,1,0,2,0,2,3,0,2,1,3,0,1,3,5,4,1,2,5,4,3,1,0,3,1,1,3,0,1,1,2,15,2,2,1,1,4,0,0,0,0,0,5,0,2,12,1,5,16,0,6,2,0,0,2,0,4,12,0,18,1,6,4,1,5,3,1,1,1,0,0,18,0,5,0,13,2,1,1,7,1,2,1,0,1,1,4,5,7,1,4,7,7,0,0,1,0,0,2,1,0,4,3,0,2,0,5,0,0,3,0,15,7,1,4,1,2,1,0,5,5,1,2,1,3,5,1,1,2,1,0,0,2,1,1,0,0,3,0,1,3,0,3,0,2,4,4,6,0,0,1,1,0,3,0,3,0,0,0,1
10,GCA_001078535.1,Oomycete,Albugo,candida,0,2,0,0,0,0,0,0,0,0,1,0,0,1,0,0,0,1,0,0,0,0,0,0,0,0,0,0,3,0,0,2,0,0,0,0,0,0,0,0,0,0,0,0,0,1,0,0,0,0,0,1,1,0,0,0,0,0,0,0,0,1,0,0,0,0,0,0,0,0,0,0,0,0,0,0,0,0,0,7,0,5,3,0,1,0,0,0,0,0,0,6,0,4,1,6,2,0,2,0,4,1,0,0,0,0,0,3,0,22,0,0,0,0,4,0,2,0,0,0,5,0,5,0,0,0,0,0,0,6,0,0,0,0,0,0,0,0,0,0,2,0,0,0,0,12,10,0,2,2,0,0,0,3,1,2,0,0,0,4,2,8,0,1,0,0,2,1,0,3,0,0,0,4,0,0,13,1,0,2,0,0,0,0,0,0,0,1,0,0,0,0,0,0
11,GCA_012656125.1,Fungi,Aspergillus,fumigatus,0,5,0,2,0,1,1,1,0,0,12,1,1,1,1,2,8,17,0,6,1,4,1,1,1,3,1,0,4,1,2,0,0,0,0,1,0,3,0,2,3,0,2,1,3,0,1,3,5,4,1,2,5,4,3,1,0,3,1,1,3,0,1,1,2,16,2,2,1,1,4,0,0,0,0,0,5,0,2,12,1,5,15,0,6,2,0,0,2,0,4,11,0,18,1,6,4,1,5,3,1,1,1,0,0,18,0,5,0,13,2,1,0,7,1,2,1,0,1,1,4,4,7,1,4,7,6,0,0,1,0,0,2,1,0,4,3,0,2,0,5,0,0,3,0,15,7,1,4,1,2,1,0,5,5,1,2,1,3,5,1,1,3,1,0,0,2,1,1,0,0,3,0,1,3,0,3,0,1,4,4,6,0,0,1,1,0,3,0,3,0,0,0,1
12,GCA_900096695.1,Fungi,Fusarium,oxysporum,0,16,0,4,3,1,1,1,0,1,28,1,5,1,4,4,15,13,1,16,0,2,1,2,3,4,1,1,1,0,2,0,0,0,1,3,0,9,0,0,4,0,4,0,4,1,7,9,13,4,1,2,6,6,4,4,0,3,3,3,5,0,3,2,4,10,1,2,1,2,0,1,0,1,2,1,4,1,3,25,1,6,23,0,10,3,0,2,0,0,4,12,2,33,2,8,9,1,7,5,2,1,3,0,0,29,1,10,1,23,3,2,1,3,1,1,1,3,1,3,3,3,3,1,3,10,16,2,0,1,1,0,3,0,0,0,6,0,2,3,15,0,0,4,3,21,3,1,4,1,0,1,0,5,6,1,3,1,3,8,1,1,1,1,1,0,2,1,1,0,0,3,4,1,5,0,3,0,1,8,6,12,1,0,0,1,0,7,0,3,0,0,0,2
13,GCA_012656165.1,Fungi,Aspergillus,fumigatus,0,5,0,2,0,1,1,1,0,0,14,1,1,1,1,2,8,18,0,8,1,4,1,2,1,3,1,0,4,1,2,0,0,0,0,1,0,1,0,2,2,0,2,1,3,0,1,3,5,4,1,2,5,4,3,1,0,3,1,1,3,0,1,1,2,16,2,2,1,1,4,0,0,0,0,0,5,0,2,11,1,5,15,0,6,2,0,0,2,0,4,11,0,18,1,6,4,1,5,3,1,1,1,0,0,18,0,5,0,13,2,1,0,7,1,2,1,0,1,1,4,5,7,1,4,7,6,0,0,1,0,0,2,1,0,4,3,0,2,0,5,0,0,3,0,15,7,1,4,1,3,1,0,5,5,1,2,1,3,4,1,1,3,1,0,0,2,1,1,0,0,3,0,1,3,0,3,0,0,4,6,6,0,0,1,1,0,2,0,3,0,0,0,1
14,GCA_002211485.2,Fungi,Aspergillus,niger,0,14,0,2,0,0,0,1,0,0,33,1,0,1,5,1,7,7,0,8,0,2,1,2,0,1,0,1,5,0,2,0,0,0,0,1,0,2,0,3,2,0,2,0,3,0,0,4,5,3,1,3,3,2,2,2,0,3,2,0,4,0,1,0,2,16,1,2,1,0,4,1,0,1,1,0,2,0,0,13,0,5,13,0,6,4,0,0,0,1,5,21,1,19,1,7,5,1,5,2,1,1,0,0,0,11,0,6,0,10,4,1,1,3,2,1,1,0,1,1,2,7,8,1,2,10,8,3,0,1,0,0,1,0,0,5,1,0,2,0,8,0,0,3,0,15,6,1,4,1,4,1,0,6,10,1,4,1,3,4,1,1,5,1,0,0,2,1,1,0,0,3,0,1,6,0,4,0,2,4,3,7,0,0,0,0,1,0,0,2,0,0,0,0
15,GCA_012656185.1,Fungi,Aspergillus,fumigatus,0,5,0,2,0,1,1,1,0,0,13,1,1,1,1,2,8,17,0,8,1,4,1,1,1,3,1,0,4,1,2,0,0,0,0,1,0,1,0,2,2,0,2,1,3,0,1,3,5,4,1,2,5,4,3,1,0,3,1,1,3,0,1,1,2,16,2,2,1,1,4,0,0,0,0,0,5,0,2,12,1,5,14,0,7,2,0,0,2,0,4,10,0,18,1,6,4,1,5,3,1,1,1,0,0,18,0,5,0,13,2,1,0,7,1,2,1,0,1,1,4,4,7,1,4,7,6,0,0,1,0,0,2,1,0,4,3,0,2,0,5,0,0,3,0,15,7,1,4,1,3,1,0,5,5,1,2,1,3,5,1,1,3,1,0,0,2,1,1,0,0,3,0,1,3,0,3,0,0,4,6,6,0,0,1,1,0,3,0,3,0,0,0,1
16,GCA_003615185.1,Fungi,Fusarium,oxysporum,0,17,0,4,3,1,1,1,0,1,29,4,6,1,6,4,15,12,1,19,0,2,1,2,4,4,2,1,1,0,2,0,0,0,1,3,0,9,0,0,5,0,4,0,4,1,6,10,11,4,1,2,6,5,4,3,0,3,3,3,5,0,3,2,4,10,1,2,1,1,0,1,0,1,2,1,3,1,3,26,1,7,23,0,11,4,0,2,0,0,4,12,3,37,2,9,11,1,7,4,2,1,3,0,0,35,1,10,1,22,2,1,1,3,1,1,1,4,1,4,3,3,3,1,2,9,17,3,0,1,0,0,3,0,0,0,4,0,2,3,18,0,0,4,2,21,3,1,4,1,0,1,0,4,6,1,3,1,3,6,1,1,0,1,1,0,2,1,1,0,0,3,2,1,4,0,3,0,1,8,6,13,1,0,0,1,0,7,0,3,0,0,0,2
17,GCA_001515345.1,Fungi,Aspergillus,niger,0,12,0,2,0,0,0,1,0,0,32,0,0,1,4,1,6,6,0,8,0,2,1,0,0,1,0,1,4,0,2,0,0,0,0,1,0,3,0,3,1,0,2,0,2,0,0,5,4,3,1,3,2,2,2,2,0,4,1,0,4,0,1,0,2,16,1,2,1,0,4,0,0,1,1,0,2,0,0,14,0,5,11,0,6,3,0,0,0,1,3,20,1,15,1,8,3,1,5,2,1,1,0,0,0,11,0,6,0,10,4,1,1,3,2,1,1,0,1,1,2,5,7,1,2,10,8,3,0,1,0,0,1,0,0,5,1,0,2,0,7,0,0,3,0,16,6,1,4,1,4,1,0,6,9,1,3,1,3,5,1,1,5,1,0,0,2,1,1,0,0,3,0,1,5,0,4,0,2,5,3,7,0,0,0,0,1,0,0,2,0,0,0,0
18,GCA_012295175.1,Oomycete,Phytophthora,infestans,0,3,0,0,0,0,0,0,0,0,6,0,0,7,0,0,0,3,1,0,0,0,0,0,0,0,0,2,3,0,0,2,0,0,0,0,0,0,1,0,0,1,0,0,0,1,0,1,4,15,0,1,10,4,0,0,0,0,1,0,9,1,0,0,0,1,0,0,0,0,0,0,0,0,0,0,0,0,0,0,0,6,1,3,1,0,0,0,0,0,0,22,0,2,3,6,2,0,1,0,2,1,0,0,0,3,0,5,0,19,0,2,2,0,6,0,1,0,0,0,3,0,11,0,0,0,2,0,0,15,0,2,0,2,0,0,0,0,0,0,8,2,0,0,0,6,11,0,4,1,0,0,0,3,0,2,0,0,0,5,3,6,0,1,0,0,2,1,0,2,0,3,0,2,0,1,31,0,1,1,0,17,0,0,0,0,0,48,0,5,0,0,0,0
19,GCA_900248155.1,Fungi,Aspergillus,niger,0,14,0,2,0,0,0,1,0,0,33,1,0,1,5,1,7,7,0,8,0,2,1,2,0,1,0,1,5,0,2,0,0,0,0,1,0,2,0,3,2,0,2,0,3,0,0,4,5,3,1,3,3,2,3,2,0,3,2,0,4,0,1,0,2,16,1,2,1,0,4,1,0,1,1,0,2,0,0,13,0,5,13,0,6,4,0,0,0,1,4,20,1,19,1,7,5,1,5,2,1,1,0,0,0,10,0,6,0,10,4,1,1,3,2,1,1,0,1,1,2,7,8,1,2,10,8,3,0,1,0,0,1,0,0,5,1,0,2,0,8,0,0,3,0,15,6,1,4,1,4,1,0,6,10,1,4,1,3,5,1,1,5,1,0,0,2,1,1,0,0,3,0,1,6,0,4,0,2,4,3,7,0,0,0,0,1,0,0,2,0,0,0,0
20,GCA_012552325.1,Oomycete,Phytophthora,infestans,0,3,0,0,0,0,0,0,0,0,7,0,0,7,0,0,0,3,1,0,0,0,0,0,0,0,0,1,3,0,0,2,0,0,0,0,0,0,1,0,0,1,0,0,0,1,0,1,4,17,0,1,16,6,0,0,0,0,1,0,11,1,0,0,0,1,0,0,0,0,0,0,0,0,0,0,0,0,0,0,0,7,1,2,1,0,0,0,0,0,0,0,0,14,3,8,2,0,1,0,1,1,0,0,0,4,0,7,0,20,0,2,1,0,5,0,1,0,0,0,3,0,10,0,0,0,3,0,0,20,0,1,0,2,0,0,0,0,0,0,9,1,0,0,0,6,11,0,4,1,0,0,0,2,0,1,0,0,0,3,2,6,0,1,0,0,3,1,1,2,0,3,0,2,0,1,33,0,1,1,0,19,0,0,0,0,0,0,0,5,0,0,0,0
21,GCA_900074895.1,Fungi,Rhynchosporium,secalis,0,10,0,3,3,0,0,1,0,2,22,1,4,1,2,2,11,16,2,9,0,1,1,0,0,2,1,0,2,0,2,0,0,0,3,2,0,3,0,1,4,0,2,0,1,0,2,1,9,4,2,2,1,5,2,1,0,3,3,4,3,0,3,0,1,8,3,2,1,0,2,1,0,0,0,1,2,1,1,13,0,6,15,0,2,2,0,0,0,0,6,3,1,19,3,7,3,0,4,1,1,2,1,0,0,13,1,7,0,12,3,1,0,3,3,2,1,2,1,2,6,1,7,1,1,10,6,1,0,1,0,0,0,0,0,2,3,0,0,4,10,0,0,4,0,13,3,1,4,1,0,1,0,1,5,1,2,1,3,5,1,1,0,1,0,0,2,1,1,0,0,3,0,1,1,0,1,0,1,4,4,2,0,0,1,1,0,2,0,3,0,0,0,0
22,GCF_003025115.1,Fungi,Trichoderma,citrinoviride,1,8,0,3,1,0,1,0,0,0,13,0,1,1,1,0,3,16,0,8,0,1,1,2,0,0,0,2,2,0,2,0,0,0,0,0,1,0,0,0,1,0,0,1,2,0,2,3,4,0,1,5,2,1,1,1,0,3,0,1,2,0,2,0,3,5,0,2,1,0,0,0,0,0,0,0,2,0,1,13,0,4,18,0,8,3,0,0,1,0,3,4,0,13,5,5,0,0,1,2,2,1,1,0,0,2,1,8,0,7,0,0,2,9,1,1,1,3,2,1,2,3,5,1,3,9,1,3,0,2,0,0,0,2,0,7,0,0,4,1,6,0,0,3,0,12,4,1,4,1,1,1,0,6,7,1,2,1,3,5,1,1,0,1,0,0,2,1,1,0,0,3,2,1,2,0,1,0,1,3,6,0,0,0,2,0,0,0,0,0,0,1,1,0
23,GCA_003615165.1,Fungi,Fusarium,oxysporum,0,18,0,4,3,2,1,1,0,1,30,2,7,1,5,4,15,12,1,17,0,3,2,2,4,7,2,1,1,0,2,0,0,0,1,3,0,12,0,0,4,0,4,0,4,1,8,8,12,4,1,2,6,6,4,2,0,3,3,3,5,0,3,2,4,10,1,2,1,1,0,1,0,1,2,1,3,1,3,26,1,6,22,0,10,3,0,1,0,0,4,11,2,35,2,8,10,1,7,5,2,1,3,0,0,36,1,10,1,21,3,1,1,3,1,1,1,4,1,3,3,3,3,1,2,9,19,3,0,1,0,0,3,0,0,0,5,0,2,3,17,0,0,4,2,19,3,1,4,1,0,1,0,4,6,1,3,1,3,7,1,1,0,1,1,0,2,1,1,0,0,3,2,1,4,0,3,0,1,8,6,12,2,0,0,1,0,7,0,3,0,0,0,2
24,GCA_000509485.1,Oomycete,Phytophthora,parasitica,0,2,0,0,0,0,0,0,0,0,8,0,0,5,0,0,0,1,4,0,0,1,0,0,0,0,0,1,3,0,0,1,0,0,0,0,0,0,1,0,0,1,0,0,0,1,0,1,6,14,0,1,14,4,0,0,0,0,1,0,9,1,0,0,0,1,0,0,0,0,0,0,0,0,0,0,0,0,0,24,0,6,2,4,2,0,0,0,0,0,0,15,0,20,20,11,1,0,1,0,2,1,0,0,0,5,0,5,0,27,0,3,1,0,3,0,1,0,0,0,5,0,12,0,0,0,1,0,0,15,0,1,0,3,0,0,0,0,0,0,8,1,0,0,0,6,17,0,10,3,0,0,0,2,0,1,0,0,0,5,2,7,0,2,0,0,3,1,1,1,0,1,0,3,0,5,39,0,1,2,0,19,0,0,0,0,0,8,0,5,0,0,0,0
25,GCA_002838845.1,Fungi,Trichoderma,harzianum,1,8,0,3,1,0,1,0,0,0,20,0,1,1,1,0,3,22,1,17,0,1,1,4,0,0,0,2,2,0,2,0,0,0,1,0,1,0,0,0,2,0,0,1,3,0,4,3,6,1,1,5,4,2,1,1,0,4,1,1,3,0,2,1,4,7,0,2,1,0,0,0,0,1,0,0,2,1,2,14,0,4,31,0,12,3,0,0,1,1,4,4,0,17,6,5,0,0,1,2,2,2,3,1,0,5,3,9,0,10,0,0,2,10,1,2,1,3,1,2,2,6,5,1,5,10,2,3,0,2,0,0,3,2,0,7,1,0,5,1,6,0,0,3,1,13,4,1,4,1,1,1,0,8,7,1,2,1,3,5,1,1,0,1,0,0,2,1,1,0,0,3,2,1,4,0,1,0,1,4,6,0,0,0,2,0,0,0,0,0,0,2,1,0
26,GCA_002894145.1,Fungi,Trichoderma,harzianum,1,8,0,3,1,0,1,0,0,0,16,0,1,1,1,0,3,17,1,14,0,1,1,4,0,0,0,2,2,0,2,0,0,0,0,0,1,0,0,0,1,0,0,1,2,0,1,3,5,1,1,4,3,1,1,0,0,4,1,1,3,0,2,0,3,6,0,2,1,0,0,0,0,1,0,0,2,1,2,12,0,4,26,0,11,3,0,0,1,0,4,5,0,15,6,5,0,0,2,2,2,1,2,0,0,3,1,8,0,10,0,0,2,9,1,1,1,3,1,2,2,6,5,1,5,8,2,2,0,2,0,0,3,2,0,7,1,0,5,1,8,0,0,3,1,12,4,1,4,1,1,1,0,7,7,1,2,1,3,5,1,1,0,1,0,0,2,1,1,0,0,3,2,1,4,0,1,0,1,4,6,0,0,0,2,0,0,0,0,0,0,2,1,0
27,GCF_004355905.1,Fungi,Magnaporthe,grisea,2,13,0,7,4,1,0,2,0,3,21,0,5,1,3,5,21,18,0,15,0,3,1,0,1,3,0,2,2,0,2,0,0,1,2,1,1,2,0,0,9,0,2,1,2,1,6,9,16,2,1,2,2,6,3,1,0,4,1,3,3,0,4,0,4,10,6,2,1,0,1,0,0,0,1,2,2,1,2,17,0,7,17,0,8,3,0,1,0,0,4,3,3,17,1,5,3,1,0,2,2,2,1,0,0,19,1,9,0,14,3,1,1,3,3,2,2,2,1,1,6,1,5,1,1,8,4,2,0,2,0,0,1,0,0,6,1,1,1,2,9,0,0,4,1,12,3,1,4,1,6,1,0,3,10,1,2,1,3,4,1,1,1,1,0,1,2,1,1,0,2,3,0,1,3,0,4,0,1,2,6,2,0,0,1,1,0,1,0,1,0,0,0,0
28,GCF_900000015.1,Oomycete,Plasmopara,halstedii,0,0,0,0,0,0,0,0,0,0,3,0,0,1,0,0,0,0,2,0,0,0,0,0,0,0,0,0,2,0,0,1,0,0,0,0,0,0,0,0,0,0,0,0,0,1,0,1,2,4,0,1,3,1,0,0,0,0,0,0,0,1,0,0,0,0,1,0,0,0,0,0,0,0,0,0,0,0,0,7,0,5,1,4,1,0,0,0,0,0,0,3,0,6,7,3,1,0,1,0,2,1,0,0,0,1,0,3,0,11,0,0,0,0,3,0,1,0,0,0,2,0,7,0,0,0,0,0,0,10,0,1,0,1,0,0,0,0,0,0,3,0,0,0,0,7,7,0,3,1,0,0,1,2,0,1,0,0,0,3,3,7,0,1,0,0,2,1,1,2,0,0,0,2,0,1,17,0,0,1,0,0,0,0,0,0,0,2,0,0,0,0,0,0
29,GCA_004346965.1,Fungi,Magnaporthe,oryzae,2,16,0,7,4,1,0,3,0,3,22,0,5,1,3,7,23,23,1,23,0,3,1,0,1,3,0,2,2,0,3,0,11,1,2,1,1,1,0,3,9,0,3,1,2,1,6,9,17,2,1,3,1,6,3,1,0,5,1,3,3,0,4,0,4,10,6,2,1,0,1,0,0,0,1,2,2,1,2,19,0,7,18,0,8,3,0,1,0,0,4,4,4,21,0,6,4,1,0,1,2,2,1,0,0,19,1,9,0,13,3,1,1,7,3,2,1,2,1,1,6,1,5,0,1,8,3,2,0,2,0,0,1,0,0,6,1,1,1,4,11,0,0,4,1,12,2,1,4,1,6,1,0,3,9,1,2,1,3,4,1,1,1,1,0,1,2,1,1,0,3,3,0,1,4,0,4,0,1,2,6,2,0,0,1,1,0,1,0,1,1,0,0,0
30,GCA_003615115.1,Fungi,Fusarium,oxysporum,0,20,0,4,3,1,1,1,0,1,29,2,5,1,6,4,15,12,1,18,0,2,2,2,3,5,3,1,1,0,2,0,0,0,1,3,0,12,0,1,4,0,4,0,4,1,7,8,14,7,1,2,7,6,4,4,0,3,3,3,6,0,3,2,4,10,1,2,1,1,0,1,0,1,2,1,3,1,3,26,1,6,27,0,10,4,0,3,0,0,4,14,2,41,2,9,12,1,8,4,2,1,3,0,0,36,1,10,1,23,3,2,1,2,1,1,1,4,1,3,3,3,3,1,2,9,19,3,0,2,0,0,3,0,0,0,5,0,2,3,20,0,0,4,2,19,3,1,4,1,0,1,0,5,7,1,3,1,3,6,1,1,0,1,1,0,2,1,1,0,0,3,2,1,4,0,3,0,1,7,6,12,1,0,0,1,0,7,0,3,0,0,0,2
31,GCA_003615155.1,Fungi,Fusarium,oxysporum,0,17,0,4,3,2,1,1,0,1,28,2,6,1,7,4,15,12,2,18,0,3,1,2,4,7,2,1,1,0,2,0,0,0,1,3,0,10,0,0,4,0,4,0,4,1,6,8,11,5,1,2,7,6,4,2,0,3,4,3,5,0,3,2,4,11,1,2,1,1,0,1,0,2,2,1,3,1,3,24,1,6,23,0,11,3,0,2,0,0,5,12,2,36,2,9,10,1,6,4,2,1,3,0,0,38,1,10,1,23,3,1,1,3,1,1,1,3,1,3,3,3,3,1,2,10,18,3,0,1,0,0,3,0,0,0,5,0,2,3,17,0,0,4,2,18,3,1,4,1,0,1,0,4,6,1,3,1,3,7,1,1,0,1,1,0,2,1,1,0,0,3,2,1,4,0,3,0,1,8,6,12,1,0,0,1,0,7,0,3,0,0,0,2
32,GCA_012656215.1,Fungi,Aspergillus,fumigatus,0,5,0,2,0,1,1,1,0,0,13,1,1,1,1,2,8,18,0,8,1,4,1,2,1,3,1,1,4,1,2,0,0,0,0,1,0,2,0,2,2,0,2,1,3,0,1,3,5,4,1,2,5,4,3,1,0,3,1,1,3,0,1,1,2,16,2,2,1,1,4,0,0,0,0,0,5,0,2,11,1,5,16,0,6,2,0,0,2,0,4,11,0,18,1,6,4,1,5,3,1,1,1,0,0,18,0,5,0,13,2,1,1,7,1,2,1,0,1,1,4,5,7,1,4,7,7,0,0,1,0,0,2,1,0,4,3,0,2,0,5,0,0,3,0,15,7,1,4,1,2,1,0,5,5,1,2,1,3,5,1,1,3,1,0,0,2,1,1,0,0,3,0,1,3,0,3,0,1,4,4,6,0,0,1,1,0,3,0,3,0,0,0,1
33,GCA_000509465.1,Oomycete,Phytophthora,parasitica,0,2,0,0,0,0,0,0,1,0,8,0,0,4,0,0,0,1,4,1,0,1,0,0,0,0,0,1,3,0,0,1,0,0,0,0,0,0,1,0,0,1,0,0,0,1,0,1,6,12,0,1,15,4,0,0,0,0,1,0,11,1,0,0,0,1,0,0,0,0,0,0,0,0,0,0,0,0,0,22,0,5,2,4,2,0,0,0,0,0,0,16,0,20,20,10,2,0,1,0,2,1,0,0,0,6,0,5,0,27,0,3,1,0,3,0,1,0,0,0,5,0,12,0,0,0,2,0,0,15,0,1,0,3,0,0,0,0,0,0,7,1,0,0,0,6,17,0,10,3,0,0,0,2,0,1,0,0,0,5,2,8,0,2,0,0,3,1,1,1,0,1,0,3,0,5,39,0,1,2,0,19,0,0,0,0,0,8,0,5,0,0,0,0
34,GCA_000509505.1,Oomycete,Phytophthora,parasitica,0,2,0,0,0,0,0,0,0,0,8,0,0,6,0,0,0,1,4,0,0,1,0,0,0,0,0,1,3,0,0,1,0,0,0,0,0,0,1,0,0,1,0,0,0,1,0,1,6,13,0,1,14,4,0,0,0,0,2,0,12,1,0,0,0,1,0,0,0,0,0,0,0,0,0,0,0,0,0,23,0,6,0,3,2,0,0,0,0,0,0,16,0,20,19,11,1,0,1,0,2,1,0,0,0,4,0,5,0,26,0,3,1,0,3,0,1,0,0,0,5,0,12,0,0,0,2,0,0,15,0,1,0,3,0,0,0,0,0,0,7,1,0,0,0,6,17,0,3,3,0,0,0,2,0,1,0,0,0,5,2,8,0,2,0,0,3,1,5,2,0,1,0,3,0,5,39,0,1,2,0,19,0,0,0,0,0,9,0,4,0,0,0,0
35,GCA_000599445.1,Fungi,Fusarium,graminearum,1,14,0,4,2,1,1,1,0,1,21,1,5,1,6,4,13,11,1,16,0,2,1,0,3,3,0,1,1,0,2,0,0,0,1,3,0,3,0,0,4,0,3,0,4,1,5,7,13,3,1,2,4,5,3,1,0,3,2,2,4,0,3,1,4,8,1,2,1,0,0,1,1,1,2,1,3,1,2,22,1,6,19,0,10,3,0,0,0,0,2,6,1,21,0,8,5,1,3,3,2,1,2,0,0,18,1,10,0,14,2,1,1,3,1,2,1,2,0,1,2,0,3,1,1,8,6,1,0,1,0,0,1,0,0,0,2,0,2,3,13,0,0,4,1,18,3,1,4,1,0,1,0,4,5,1,2,1,3,5,1,1,0,1,1,0,2,1,1,0,0,3,2,1,2,0,4,0,1,6,6,9,0,0,1,1,0,7,0,3,0,0,0,1
36,GCA_000509525.1,Oomycete,Phytophthora,parasitica,0,2,0,0,0,0,0,0,0,0,8,0,0,7,0,0,0,1,3,0,0,1,0,0,0,0,0,1,3,0,0,1,0,0,0,0,0,0,1,0,0,1,0,0,0,1,0,1,6,14,0,1,14,4,0,0,0,0,1,0,11,1,0,0,0,1,0,0,0,0,0,0,0,0,0,0,0,0,0,22,0,5,2,3,1,0,0,0,0,0,0,16,0,21,19,11,1,0,1,0,2,1,0,0,0,5,0,5,0,25,0,3,1,0,3,0,1,0,0,0,5,0,12,0,0,0,2,0,0,13,0,1,0,3,0,0,0,0,0,0,8,1,0,0,0,6,17,0,10,3,0,0,0,2,0,1,0,0,0,5,2,8,0,2,0,0,3,1,5,2,0,1,0,4,0,5,39,0,1,2,0,19,0,0,0,0,0,11,0,4,0,0,0,0
37,GCA_900074885.1,Fungi,Rhynchosporium,commune,0,12,0,3,3,0,0,2,0,2,22,1,5,1,2,2,11,16,2,9,0,1,1,0,0,2,1,0,2,0,2,0,0,0,3,2,0,4,0,2,4,0,2,1,1,0,2,1,10,4,2,2,1,5,2,1,0,3,3,4,3,0,3,0,1,8,3,2,1,0,2,1,0,0,0,1,2,1,1,14,0,6,17,0,2,2,0,0,0,0,6,3,1,19,3,7,4,0,3,1,1,2,1,0,0,14,1,7,0,13,3,1,0,3,3,2,1,2,1,2,6,1,7,1,1,10,7,1,0,1,0,0,0,1,0,2,6,0,0,4,12,0,0,4,0,13,3,1,4,1,1,1,0,1,4,1,2,1,3,5,1,1,0,1,0,0,2,1,1,0,0,3,0,1,1,0,1,0,1,4,4,2,0,0,1,1,0,2,0,3,0,0,0,0
38,GCA_002234955.1,Fungi,Aspergillus,fumigatus,0,5,0,2,0,1,1,1,0,0,14,1,1,1,1,2,8,17,0,9,1,4,1,2,1,3,1,0,4,1,2,0,0,0,0,1,0,1,0,2,2,0,2,1,3,0,1,3,5,4,1,2,5,4,3,1,0,3,1,1,3,0,1,1,2,15,2,2,1,1,4,0,0,0,0,0,5,0,2,12,1,5,16,0,7,2,0,0,2,0,4,11,0,18,1,6,4,1,5,3,1,1,1,0,0,18,0,5,0,13,2,1,0,7,1,2,1,0,1,1,4,7,7,1,4,7,5,0,0,1,0,0,2,1,0,4,3,0,2,0,5,0,0,3,0,15,7,1,4,1,3,1,0,5,5,1,2,1,3,5,1,1,2,1,0,0,2,1,1,0,0,3,0,1,3,0,3,0,1,4,6,6,0,0,1,1,0,3,0,3,0,0,0,1
39,GCA_003290285.1,Fungi,Fusarium,proliferatum,0,14,0,4,3,1,1,1,0,1,28,4,5,2,4,4,14,13,1,12,0,2,1,1,3,5,1,2,1,0,2,0,0,0,1,3,0,7,0,0,6,0,4,0,5,1,8,8,12,4,1,3,6,5,4,1,0,3,3,2,5,0,3,1,4,14,1,2,1,1,0,1,1,1,2,1,3,1,3,25,2,6,18,0,10,4,0,1,1,0,5,10,2,25,2,8,8,1,3,4,2,1,3,0,0,26,1,10,2,19,2,1,2,3,1,1,1,3,1,2,3,2,3,1,2,9,10,2,0,3,0,0,3,0,0,0,4,0,2,3,10,0,0,5,2,20,3,1,4,1,0,1,0,4,5,1,3,1,3,5,1,1,0,1,0,0,2,1,1,0,0,3,2,1,3,0,3,0,1,7,6,12,0,0,0,1,0,6,0,3,0,0,0,2
40,GCA_002352725.1,Fungi,Fusarium,graminearum,1,14,0,4,2,1,1,1,0,1,21,1,5,1,6,4,13,11,1,15,0,2,1,0,3,3,0,1,1,0,2,0,0,0,1,3,0,3,0,0,4,0,3,0,4,1,5,7,13,2,1,2,3,5,3,1,0,3,2,2,4,0,3,1,4,8,1,2,1,0,0,1,1,1,2,1,3,1,2,21,1,6,20,0,10,3,0,0,0,0,2,5,1,20,0,7,5,1,3,3,2,1,2,0,0,17,1,10,0,14,2,1,1,4,1,2,1,4,0,1,2,0,3,1,1,8,6,1,0,1,0,0,1,0,0,0,2,0,2,3,12,0,0,4,1,18,3,1,4,1,0,1,0,4,5,1,2,1,3,5,1,1,0,1,1,0,2,1,1,0,0,3,3,1,3,0,4,0,1,6,6,9,0,0,1,1,0,7,0,3,0,0,0,1
